com.pokevian.skids,[android.permission.CAMERA, android.permission.SYSTEM_ALERT_WINDOW, android.permission.WRITE_EXTERNAL_STORAGE, android.permission.BLUETOOTH, android.permission.BLUETOOTH_ADMIN, android.permission.ACCESS_COARSE_LOCATION, android.permission.ACCESS_FINE_LOCATION, android.permission.INTERNET, android.permission.ACCESS_NETWORK_STATE, android.permission.CALL_PHONE, android.permission.WAKE_LOCK, android.permission.RECEIVE_BOOT_COMPLETED, android.permission.RECORD_AUDIO, android.permission.READ_CONTACTS, android.permission.SEND_SMS, android.permission.WRITE_SMS, android.permission.READ_PHONE_STATE, com.android.vending.CHECK_LICENSE, com.google.android.providers.gsf.permission.READ_GSERVICES, com.pokevian.app.caroo.permission.MAPS_RECEIVE, com.pokevian.app.caroo.permission.LAUNCH, android.permission.READ_EXTERNAL_STORAGE]
com.wGameRoms,[android.permission.INTERNET, android.permission.ACCESS_NETWORK_STATE, android.webkit.permission.PLUGIN, com.wGameRoms.permission.C2D_MESSAGE, com.google.android.c2dm.permission.RECEIVE]
com.carpooling.android.fr,[android.permission.INTERNET, android.permission.ACCESS_NETWORK_STATE, android.permission.ACCESS_FINE_LOCATION, android.permission.CALL_PHONE, android.permission.READ_PHONE_STATE, com.carpooling.android.fr.permission.C2D_MESSAGE, com.google.android.c2dm.permission.RECEIVE, android.permission.WAKE_LOCK, android.permission.GET_ACCOUNTS, android.permission.VIBRATE]
com.edupad.app.francais5e,[android.permission.INTERNET, android.permission.WRITE_EXTERNAL_STORAGE, android.permission.GET_ACCOUNTS, com.android.vending.BILLING, android.permission.ACCESS_NETWORK_STATE, android.permission.ACCESS_WIFI_STATE, android.permission.WAKE_LOCK, com.android.vending.CHECK_LICENSE, android.permission.DOWNLOAD_WITHOUT_NOTIFICATION, android.permission.USE_CREDENTIALS, android.permission.READ_EXTERNAL_STORAGE]
com.herbalistler.zopoz.com,[android.permission.INTERNET, android.permission.ACCESS_NETWORK_STATE, android.permission.ACCESS_WIFI_STATE]
com.baqa.quran.memorizer,[android.permission.WAKE_LOCK, android.permission.ACCESS_NETWORK_STATE, android.permission.INTERNET, android.permission.STORAGE, android.permission.WRITE_EXTERNAL_STORAGE, com.android.vending.CHECK_LICENSE, android.permission.READ_PHONE_STATE, android.permission.WRITE_SETTINGS, android.permission.READ_EXTERNAL_STORAGE]
com.serinabauce24.HipHopDance,[android.permission.ACCESS_COARSE_LOCATION, android.permission.ACCESS_FINE_LOCATION, android.permission.ACCESS_LOCATION, android.permission.ACCESS_LOCATION_EXTRA_COMMANDS, android.permission.ACCESS_NETWORK_STATE, android.permission.ACCESS_WIFI_STATE, android.permission.INTERNET, android.permission.READ_PHONE_STATE, android.permission.WRITE_EXTERNAL_STORAGE, com.google.android.gms.permission.ACTIVITY_RECOGNITION, android.permission.GET_ACCOUNTS, android.permission.WAKE_LOCK, com.serinabauce24.HipHopDance.permission.C2D_MESSAGE, com.google.android.c2dm.permission.RECEIVE, android.permission.READ_EXTERNAL_STORAGE]
com.applantation.android.maps.guadeloupe,[android.permission.ACCESS_FINE_LOCATION, android.permission.ACCESS_COARSE_LOCATION, android.permission.WRITE_EXTERNAL_STORAGE, android.permission.READ_EXTERNAL_STORAGE]
com.buak.Link2SD,[android.permission.WRITE_EXTERNAL_STORAGE, android.permission.GET_PACKAGE_SIZE, android.permission.CLEAR_APP_CACHE, android.permission.RECEIVE_BOOT_COMPLETED, android.permission.ACCESS_SUPERUSER, android.permission.INTERNET, android.permission.ACCESS_NETWORK_STATE, android.permission.READ_EXTERNAL_STORAGE]
com.lumiplan.montagne.AlpedHuez,[com.google.android.providers.gsf.permission.READ_GSERVICES, android.permission.ACCESS_COARSE_LOCATION, android.permission.ACCESS_NETWORK_STATE, com.lumiplan.montagne.AlpedHuez.permission.MAPS_RECEIVE, android.permission.INTERNET, android.permission.CAMERA, android.permission.WRITE_EXTERNAL_STORAGE, android.permission.ACCESS_FINE_LOCATION, android.permission.ACCESS_GPS, android.permission.ACCESS_ASSISTED_GPS, android.permission.LOCATION, android.permission.READ_CONTACTS, android.permission.CALL_PHONE, com.lumiplan.montagne.AlpedHuez.permission.C2D_MESSAGE, com.google.android.c2dm.permission.RECEIVE, android.permission.GET_ACCOUNTS, android.permission.WAKE_LOCK, android.permission.READ_EXTERNAL_STORAGE, android.permission.READ_CALL_LOG]
hundred.five.easyvolumebooster,[android.permission.VIBRATE, android.permission.MODIFY_AUDIO_SETTINGS, android.permission.INTERNET, android.permission.ACCESS_WIFI_STATE, android.permission.ACCESS_NETWORK_STATE, android.permission.READ_PHONE_STATE, android.permission.SYSTEM_ALERT_WINDOW, android.permission.GET_TASKS]
com.antutu.CpuMasterFree,[android.permission.RECEIVE_BOOT_COMPLETED, android.permission.INTERNET, android.permission.READ_PHONE_STATE, android.permission.ACCESS_WIFI_STATE, android.permission.ACCESS_NETWORK_STATE]
prestimedia.zolpan,[android.permission.CAMERA, android.permission.READ_CONTACTS, android.permission.WRITE_CONTACTS, android.permission.FLASHLIGHT, android.permission.INTERNET, android.permission.ACCESS_FINE_LOCATION, android.permission.WRITE_EXTERNAL_STORAGE, android.permission.ACCESS_NETWORK_STATE, android.permission.READ_EXTERNAL_STORAGE]
fr.pb.freewifispot,[android.permission.INTERNET, android.permission.ACCESS_NETWORK_STATE, android.permission.ACCESS_WIFI_STATE, android.permission.CHANGE_WIFI_STATE, android.permission.VIBRATE, android.permission.WAKE_LOCK, android.permission.RECEIVE_BOOT_COMPLETED]
com.molevi.wtime,[android.permission.VIBRATE, com.android.vending.CHECK_LICENSE, android.permission.WRITE_EXTERNAL_STORAGE, android.permission.READ_EXTERNAL_STORAGE]
com.golden.tropicbeauty,[android.permission.SET_WALLPAPER, android.permission.INTERNET, android.permission.ACCESS_NETWORK_STATE, android.permission.READ_PHONE_STATE, com.android.browser.permission.READ_HISTORY_BOOKMARKS, android.permission.GET_ACCOUNTS, android.permission.ACCESS_COARSE_LOCATION, android.permission.ACCESS_FINE_LOCATION, android.permission.RECEIVE_BOOT_COMPLETED, android.permission.ACCESS_WIFI_STATE]
com.camera360.effect,[android.permission.WRITE_EXTERNAL_STORAGE, android.permission.SET_WALLPAPER, android.permission.INTERNET, android.permission.ACCESS_NETWORK_STATE, android.permission.READ_PHONE_STATE, android.permission.ACCESS_WIFI_STATE, android.permission.READ_EXTERNAL_STORAGE]
com.ozhar.FunnySnowman,[android.permission.INTERNET, android.permission.ACCESS_NETWORK_STATE, android.permission.READ_PHONE_STATE, android.permission.ACCESS_COARSE_LOCATION, android.permission.ACCESS_FINE_LOCATION, android.permission.ACCESS_WIFI_STATE, android.permission.WRITE_EXTERNAL_STORAGE, com.android.browser.permission.READ_HISTORY_BOOKMARKS, android.permission.GET_ACCOUNTS, android.permission.RECEIVE_BOOT_COMPLETED, android.permission.READ_EXTERNAL_STORAGE]
com.accesslane.livewallpaper.smoke,[android.permission.INTERNET, android.permission.WRITE_EXTERNAL_STORAGE, android.permission.ACCESS_NETWORK_STATE, android.permission.READ_PHONE_STATE, android.permission.SET_WALLPAPER, com.android.vending.BILLING, android.permission.READ_EXTERNAL_STORAGE]
org.museeprotestant.HFPandroid,[android.permission.ACCESS_COARSE_LOCATION, android.permission.ACCESS_FINE_LOCATION, android.permission.INTERNET, android.permission.WRITE_EXTERNAL_STORAGE, android.permission.ACCESS_NETWORK_STATE, com.android.vending.BILLING, com.google.android.c2dm.permission.RECEIVE, android.permission.GET_ACCOUNTS, android.permission.WAKE_LOCK, org.museeprotestant.HFPandroid.permission.C2D_MESSAGE, android.permission.READ_EXTERNAL_STORAGE]
com.komsuksk.useccleaner,[android.permission.INTERNET, android.permission.ACCESS_WIFI_STATE, android.permission.READ_PHONE_STATE, android.permission.ACCESS_NETWORK_STATE]
com.workers.recorder,[android.permission.RECORD_AUDIO, android.permission.WAKE_LOCK, android.permission.WRITE_EXTERNAL_STORAGE, android.permission.READ_PHONE_STATE, android.permission.ACCESS_NETWORK_STATE, android.permission.ACCESS_WIFI_STATE, android.permission.INTERNET, android.permission.STATUS_BAR, android.permission.VIBRATE, android.permission.READ_EXTERNAL_STORAGE]
com.arslan.sadeyasin,[android.permission.READ_PHONE_STATE, android.permission.INTERNET, android.permission.ACCESS_NETWORK_STATE]
app.devteam.vehiclesounds,[android.permission.INTERNET, android.permission.ACCESS_NETWORK_STATE, android.permission.WAKE_LOCK]
com.blendr.mobile,[android.permission.USE_CREDENTIALS, android.permission.RECEIVE_BOOT_COMPLETED, android.permission.INTERNET, android.permission.READ_CONTACTS, android.permission.GET_ACCOUNTS, android.permission.ACCESS_COARSE_LOCATION, android.permission.ACCESS_FINE_LOCATION, android.permission.READ_PHONE_STATE, android.permission.CAMERA, android.permission.SEND_SMS, android.permission.RECEIVE_SMS, android.permission.READ_SMS, android.permission.WRITE_EXTERNAL_STORAGE, android.permission.VIBRATE, android.permission.ACCESS_NETWORK_STATE, android.permission.CHANGE_NETWORK_STATE, android.permission.ACCESS_WIFI_STATE, android.permission.CHANGE_WIFI_STATE, android.permission.WAKE_LOCK, com.android.vending.CHECK_LICENSE, com.google.android.c2dm.permission.RECEIVE, com.android.vending.BILLING, android.permission.NFC, android.permission.READ_EXTERNAL_STORAGE, com.badoo.mobile.permission.C2D_MESSAGE]
fr.fnac.com,[android.permission.CAMERA, android.permission.INTERNET, android.permission.ACCESS_FINE_LOCATION, android.permission.ACCESS_COARSE_LOCATION, android.permission.ACCESS_GPS, android.permission.ACCESS_NETWORK_STATE, android.permission.READ_PHONE_STATE]
com.mttnow.droid.easyjet,[android.permission.INTERNET, android.permission.ACCESS_NETWORK_STATE, android.permission.GET_ACCOUNTS]
com.digitaldelight.accatracker,[android.permission.WRITE_EXTERNAL_STORAGE, android.permission.READ_EXTERNAL_STORAGE, android.permission.INTERNET, android.permission.ACCESS_NETWORK_STATE, android.permission.GET_ACCOUNTS, android.permission.WAKE_LOCK, android.permission.VIBRATE, com.google.android.c2dm.permission.RECEIVE, com.google.android.c2dm.permission.SEND, android.permission.READ_PHONE_STATE, com.digitaldelight.accatracker.permission.C2D_MESSAGE]
com.jianming.kidztube3,[android.permission.INTERNET, android.permission.GET_ACCOUNTS, android.permission.USE_CREDENTIALS, android.permission.MANAGE_ACCOUNTS]
com.nico.fotocameras,[android.permission.INTERNET, com.google.android.providers.gsf.permission.READ_GSERVICES, com.msmobile.delivery.permission.C2D_MESSAGE, com.google.android.c2dm.permission.RECEIVE]
com.stepout,[android.permission.INTERNET, android.permission.WRITE_EXTERNAL_STORAGE, android.permission.CHANGE_WIFI_STATE, android.permission.ACCESS_WIFI_STATE, android.permission.ACCESS_COARSE_LOCATION, android.permission.ACCESS_FINE_LOCATION, android.permission.ACCESS_NETWORK_STATE, android.permission.ACCESS_COARSE_UPDATES, com.google.android.providers.gsf.permission.READ_GSERVICES, android.permission.READ_CONTACTS, android.permission.GET_ACCOUNTS, android.permission.WAKE_LOCK, com.google.android.c2dm.permission.RECEIVE, android.permission.VIBRATE, com.stepout.permission.C2D_MESSAGE, android.permission.READ_EXTERNAL_STORAGE]
robj.floating.notifications,[android.permission.SYSTEM_ALERT_WINDOW, android.permission.INTERNET, android.permission.GET_TASKS, android.permission.WAKE_LOCK, android.permission.WRITE_EXTERNAL_STORAGE, robj.floating.notifications.READ_DATA, android.permission.READ_EXTERNAL_STORAGE]
com.unibail.carresenart,[android.permission.INTERNET, android.permission.ACCESS_COARSE_LOCATION, android.permission.ACCESS_FINE_LOCATION, android.permission.WRITE_EXTERNAL_STORAGE, android.permission.ACCESS_NETWORK_STATE, android.permission.CALL_PHONE, android.permission.VIBRATE, android.permission.READ_PHONE_STATE, android.permission.ACCESS_WIFI_STATE, com.google.android.providers.gsf.permission.READ_GSERVICES, com.google.android.c2dm.permission.RECEIVE, com.unibail.carresenart.permission.C2D_MESSAGE, android.permission.READ_EXTERNAL_STORAGE]
com.zireck.minecraft.seeds,[android.permission.INTERNET, android.permission.ACCESS_NETWORK_STATE]
com.kostmo.flickr.bettr,[android.permission.RECEIVE_BOOT_COMPLETED, android.permission.ACCESS_FINE_LOCATION, android.permission.INTERNET, android.permission.WRITE_EXTERNAL_STORAGE, android.permission.WAKE_LOCK, android.permission.READ_EXTERNAL_STORAGE]
com.hyperspaceyard.cell,[android.permission.INTERNET, android.permission.ACCESS_NETWORK_STATE, android.permission.VIBRATE, android.permission.GET_ACCOUNTS, android.permission.USE_CREDENTIALS]
com.wagwan.countdownstatusbar,[android.permission.RECEIVE_BOOT_COMPLETED, android.permission.INTERNET, android.permission.ACCESS_NETWORK_STATE]
com.placestars.offlinemap.gb.scotland,[android.permission.WRITE_EXTERNAL_STORAGE, android.permission.ACCESS_FINE_LOCATION, android.permission.ACCESS_LOCATION_EXTRA_COMMANDS, com.android.vending.CHECK_LICENSE, android.permission.INTERNET, android.permission.WAKE_LOCK, android.permission.ACCESS_NETWORK_STATE, android.permission.ACCESS_WIFI_STATE, android.permission.READ_EXTERNAL_STORAGE]
com.jd.android.arXiv,[android.permission.INTERNET, android.permission.WRITE_EXTERNAL_STORAGE, android.permission.READ_EXTERNAL_STORAGE]
may.stream.attackontitan,[android.permission.INTERNET, android.permission.ACCESS_NETWORK_STATE]
com.finestandroid.autostopwatch,[android.permission.VIBRATE, android.permission.ACCESS_FINE_LOCATION, android.permission.ACCESS_LOCATION_EXTRA_COMMANDS, android.permission.ACCESS_MOCK_LOCATION, android.permission.CONTROL_LOCATION_UPDATES, android.permission.INTERNET, android.permission.ACCESS_NETWORK_STATE, android.permission.WRITE_EXTERNAL_STORAGE, android.permission.READ_EXTERNAL_STORAGE]
com.sherpa.sena2014,[com.sherpa.sena2014.permission.C2D_MESSAGE, android.permission.ACCESS_NETWORK_STATE, android.permission.CHANGE_NETWORK_STATE, android.permission.ACCESS_WIFI_STATE, android.permission.INTERNET, android.permission.CAMERA, android.permission.READ_FRAME_BUFFER, android.permission.WRITE_EXTERNAL_STORAGE, android.permission.VIBRATE, android.permission.RECEIVE_BOOT_COMPLETED, android.permission.WAKE_LOCK, com.google.android.c2dm.permission.RECEIVE, android.permission.GET_ACCOUNTS, android.permission.READ_EXTERNAL_STORAGE]
com.noinnion.android.voicereadingpro,[android.permission.INTERNET, android.permission.ACCESS_NETWORK_STATE, android.permission.READ_PHONE_STATE, android.permission.WRITE_EXTERNAL_STORAGE, android.permission.READ_EXTERNAL_STORAGE, android.permission.READ_LOGS, android.permission.RECEIVE_SMS, com.android.vending.CHECK_LICENSE]
com.medical.effect.AntibioticsGuard,[android.permission.READ_EXTERNAL_STORAGE, android.permission.WRITE_EXTERNAL_STORAGE]
com.shere.easytouch,[android.permission.KILL_BACKGROUND_PROCESSES, android.Manifest.permission.DEVICE_POWER, android.permission.DEVICE_POWER, android.permission.SYSTEM_ALERT_WINDOW, android.permission.ACCESS_NETWORK_STATE, android.permission.CHANGE_WIFI_STATE, android.permission.ACCESS_FINE_LOCATION, android.permission.CHANGE_NETWORK_STATE, android.permission.WRITE_SETTINGS, android.permission.WRITE_SECURE_SETTINGS, android.permission.BLUETOOTH, android.permission.BLUETOOTH_ADMIN, android.permission.CAMERA, android.permission.ACCESS_MOCK_LOCATION, android.permission.UPDATE_DEVICE_STATS, android.permission.VIBRATE, android.permission.CLEAR_APP_CACHE, android.permission.FLASHLIGHT, android.permission.INTERNET, android.permission.WRITE_EXTERNAL_STORAGE, android.permission.READ_EXTERNAL_STORAGE, android.permission.READ_PHONE_STATE, android.permission.ACCESS_WIFI_STATE, android.permission.GET_TASKS, android.permission.READ_LOGS, android.permission.WRITE_SYNC_SETTINGS, android.permission.READ_SYNC_SETTINGS, android.permission.RECEIVE_BOOT_COMPLETED]
com.amazing_create.android.andclip,[android.permission.RECEIVE_BOOT_COMPLETED, android.permission.READ_CONTACTS, android.permission.READ_EXTERNAL_STORAGE, android.permission.WRITE_EXTERNAL_STORAGE, com.android.browser.permission.READ_HISTORY_BOOKMARKS, com.android.vending.CHECK_LICENSE]
com.sandroid.taskmaster,[android.permission.READ_CONTACTS, android.permission.CALL_PHONE, android.permission.INTERNET, android.permission.ACCESS_FINE_LOCATION, android.permission.ACCESS_COARSE_LOCATION, android.permission.RECEIVE_BOOT_COMPLETED, com.android.browser.permission.READ_HISTORY_BOOKMARKS, android.permission.WRITE_EXTERNAL_STORAGE, com.android.launcher.permission.INSTALL_SHORTCUT, com.android.vending.CHECK_LICENSE, android.permission.VIBRATE, android.permission.READ_PHONE_STATE, android.permission.READ_EXTERNAL_STORAGE, android.permission.READ_CALL_LOG]
com.axxend.android.app.africa24,[android.permission.INTERNET, android.permission.ACCESS_NETWORK_STATE, android.permission.DOWNLOAD_WITHOUT_NOTIFICATION, android.permission.WRITE_EXTERNAL_STORAGE, android.permission.READ_EXTERNAL_STORAGE]
com.jiubang.goscreenlock.vip,[android.permission.ACCESS_NETWORK_STATE, android.permission.READ_PHONE_STATE, android.permission.VIBRATE, android.permission.INTERNET, android.permission.WRITE_EXTERNAL_STORAGE, android.permission.WRITE_SETTINGS, android.permission.ACCESS_WIFI_STATE, com.android.vending.CHECK_LICENSE, android.permission.GET_ACCOUNTS, android.permission.READ_EXTERNAL_STORAGE]
com.app_lushswitzerland.layout,[android.permission.ACCESS_NETWORK_STATE, android.permission.ACCESS_COARSE_LOCATION, android.permission.READ_PHONE_STATE, android.permission.ACCESS_FINE_LOCATION, android.permission.CALL_PHONE, android.permission.INTERNET, android.permission.CAMERA, android.permission.WRITE_EXTERNAL_STORAGE, android.permission.RECORD_AUDIO, com.google.android.c2dm.permission.RECEIVE, com.app_lushswitzerland.layout.permission.C2D_MESSAGE, android.permission.SEND_SMS, android.permission.READ_EXTERNAL_STORAGE]
com.jb.gosms.theme.getjar.ease,[android.permission.INTERNET, android.permission.ACCESS_NETWORK_STATE, android.permission.GET_ACCOUNTS, android.permission.GET_TASKS, android.permission.READ_PHONE_STATE, com.android.vending.BILLING]
com.bcsasquatch66.pearlsperilcheats,[android.permission.INTERNET, android.permission.ACCESS_COARSE_LOCATION, android.permission.ACCESS_FINE_LOCATION, android.permission.WRITE_EXTERNAL_STORAGE, android.permission.ACCESS_NETWORK_STATE, android.permission.READ_PHONE_STATE, android.permission.RECORD_AUDIO, android.permission.CAMERA, android.permission.READ_EXTERNAL_STORAGE]
de.merck.pte,[android.permission.INTERNET, android.permission.WAKE_LOCK]
com.volacentltd.webreader,[android.permission.INTERNET, android.permission.GET_ACCOUNTS, android.permission.WAKE_LOCK]
com.bgames.android.bus,[com.android.vending.BILLING, android.permission.GET_ACCOUNTS, android.permission.WAKE_LOCK, com.google.android.c2dm.permission.RECEIVE, android.permission.READ_EXTERNAL_STORAGE, android.permission.INTERNET, android.permission.ACCESS_NETWORK_STATE, android.permission.READ_PHONE_STATE, android.permission.ACCESS_COARSE, android.permission.FINE_LOCATION, android.permission.WRITE_EXTERNAL_STORAGE, android.permission.MOUNT_UNMOUNT_FILESYSTEMS, android.permission.ACCESS_WIFI_STATE]
air.Restaurant.Games.demo,[android.permission.INTERNET, android.permission.DISABLE_KEYGUARD, android.permission.WAKE_LOCK, android.permission.ACCESS_NETWORK_STATE, android.permission.READ_PHONE_STATE, android.permission.WRITE_EXTERNAL_STORAGE, android.permission.READ_EXTERNAL_STORAGE]
com.pokemonseries.freeanime,[android.permission.INTERNET, android.permission.READ_PHONE_STATE, android.permission.ACCESS_NETWORK_STATE, android.permission.VIBRATE, android.permission.GET_ACCOUNTS, android.permission.WAKE_LOCK, android.permission.ACCESS_WIFI_STATE, android.permission.WRITE_EXTERNAL_STORAGE, android.permission.GET_TASKS, android.permission.RECEIVE_BOOT_COMPLETED, com.android.browser.permission.READ_HISTORY_BOOKMARKS, android.permission.SYSTEM_ALERT_WINDOW, com.pokemonseries.freeanime.permission.C2D_MESSAGE, com.google.android.c2dm.permission.RECEIVE, android.permission.READ_EXTERNAL_STORAGE]
fr.RivaMedia.USCars,[com.example.maps.permission.MAPS_RECEIVE, com.google.android.providers.gsf.permission.READ_GSERVICES, android.permission.INTERNET, android.permission.READ_EXTERNAL_STORAGE, android.permission.WRITE_EXTERNAL_STORAGE, android.permission.ACCESS_NETWORK_STATE, android.permission.ACCESS_FINE_LOCATION, android.permission.ACCESS_COARSE_LOCATION, android.permission.CALL_PHONE, android.permission.READ_LOGS, android.permission.READ_PHONE_STATE, android.permission.VIBRATE, android.permission.GET_ACCOUNTS, android.permission.WAKE_LOCK, com.google.android.c2dm.permission.RECEIVE, fr.RivaMedia.AnnoncesAutoGenerique.permission.permission.C2D_MESSAGE]
com.yudo.sfera,[android.permission.CAMERA, android.permission.RECORD_AUDIO, android.permission.INTERNET, android.permission.READ_PHONE_STATE, android.permission.ACCESS_WIFI_STATE, android.permission.ACCESS_NETWORK_STATE, android.permission.WRITE_EXTERNAL_STORAGE, android.permission.ACCESS_COARSE_LOCATION, android.permission.ACCESS_FINE_LOCATION, com.android.vending.BILLING, android.permission.READ_EXTERNAL_STORAGE]
app.guide2u.deerhunter,[android.permission.GET_ACCOUNTS, app.guide2u.deerhunter.permission.C2D_MESSAGE, com.google.android.c2dm.permission.RECEIVE, android.permission.INTERNET, android.permission.ACCESS_NETWORK_STATE]
com.Anak1developpement.draguersuradoptepremium,[android.permission.ACCESS_COARSE_LOCATION, android.permission.READ_PHONE_STATE, android.permission.INTERNET, android.permission.WRITE_EXTERNAL_STORAGE, android.permission.ACCESS_NETWORK_STATE, android.permission.READ_EXTERNAL_STORAGE]
com.fiverivers.photoeditorbypepper.pk,[android.permission.ACCESS_WIFI_STATE, android.permission.GET_ACCOUNTS, android.permission.READ_PHONE_STATE, android.permission.RECEIVE_BOOT_COMPLETED, android.permission.VIBRATE, android.permission.ACCESS_COARSE_LOCATION, android.permission.ACCESS_FINE_LOCATION, android.permission.INTERNET, android.permission.ACCESS_NETWORK_STATE, android.permission.WRITE_EXTERNAL_STORAGE, android.permission.CAMERA, com.android.vending.BILLING, android.permission.READ_LOGS, android.permission.GET_TASKS, com.android.browser.permission.WRITE_HISTORY_BOOKMARKS, com.android.browser.permission.READ_HISTORY_BOOKMARKS, android.permission.SYSTEM_ALERT_WINDOW, android.permission.PROCESS_OUTGOING_CALLS, android.permission.READ_CONTACTS, android.permission.READ_EXTERNAL_STORAGE, android.permission.READ_CALL_LOG]
com.ndrive.androidbrazil,[android.permission.ACCESS_NETWORK_STATE, android.permission.ACCESS_FINE_LOCATION, android.permission.INTERNET, android.permission.PERSISTENT_ACTIVITY, android.permission.WAKE_LOCK, android.permission.READ_PHONE_STATE, android.permission.READ_CONTACTS, android.permission.WRITE_EXTERNAL_STORAGE, android.permission.ACCESS_WIFI_STATE, android.permission.GET_ACCOUNTS, android.intent.action.PHONE_STATE, com.android.vending.CHECK_LICENSE, com.android.vending.BILLING, android.permission.RECEIVE_SMS, android.permission.SEND_SMS, android.permission.READ_EXTERNAL_STORAGE, android.permission.READ_CALL_LOG]
com.funapps.smshub,[android.permission.INTERNET, android.permission.ACCESS_NETWORK_STATE]
com.collage.photo.studio,[android.permission.CAMERA, android.permission.WRITE_EXTERNAL_STORAGE, android.permission.INTERNET, android.permission.ACCESS_NETWORK_STATE, android.permission.READ_EXTERNAL_STORAGE]
com.rpor.stephenwal,[android.permission.SET_WALLPAPER, android.permission.INTERNET, android.permission.ACCESS_NETWORK_STATE, android.permission.SET_WALLPAPER_HINTS]
com.utilno1.supercamera,[android.permission.VIBRATE, android.permission.GET_ACCOUNTS, android.permission.ACCESS_WIFI_STATE, android.permission.INTERNET, android.permission.CAMERA, android.permission.ACCESS_SURFACE_FLINGER, android.permission.WRITE_EXTERNAL_STORAGE, android.permission.READ_EXTERNAL_STORAGE, android.permission.ACCESS_NETWORK_STATE, android.permission.READ_PHONE_STATE, android.permission.MODIFY_PHONE_STATE, android.permission.CALL_PHONE, android.permission.READ_CONTACTS, android.permission.WRITE_CONTACTS, android.permission.READ_CALL_LOG, android.permission.WRITE_CALL_LOG, android.permission.SEND_SMS, android.permission.ACCESS_FINE_LOCATION, com.android.launcher.permission.INSTALL_SHORTCUT]
com.clawdyvan.agendadigitalaluno,[android.permission.CAMERA, android.permission.RECEIVE_BOOT_COMPLETED, android.permission.WRITE_EXTERNAL_STORAGE, android.permission.READ_EXTERNAL_STORAGE]
com.G1Designs.sadquotes,[android.permission.INTERNET, android.permission.ACCESS_NETWORK_STATE, android.permission.READ_PHONE_STATE, android.permission.WRITE_EXTERNAL_STORAGE, android.permission.ACCESS_WIFI_STATE, android.permission.ACCESS_COARSE_LOCATION, android.permission.ACCESS_FINE_LOCATION, android.permission.READ_EXTERNAL_STORAGE, com.android.browser.permission.READ_HISTORY_BOOKMARKS, android.permission.GET_ACCOUNTS, android.permission.RECEIVE_BOOT_COMPLETED, android.permission.GET_TASKS]
com.examobile.realwhistle,[android.permission.RECORD_AUDIO, android.permission.VIBRATE, android.permission.INTERNET, com.android.vending.BILLING, android.permission.ACCESS_NETWORK_STATE, android.permission.GET_ACCOUNTS]
com.dcco.app.iSilo,[android.permission.ACCESS_WIFI_STATE, com.android.vending.CHECK_LICENSE, android.permission.GET_TASKS, android.permission.INTERNET, android.permission.READ_PHONE_STATE, android.permission.STATUS_BAR, android.permission.WAKE_LOCK, android.permission.WRITE_EXTERNAL_STORAGE, android.permission.READ_EXTERNAL_STORAGE]
com.creaview.android.creaplay,[android.permission.CAMERA, android.permission.INTERNET, android.permission.ACCESS_NETWORK_STATE, android.permission.READ_CONTACTS, android.permission.WRITE_CONTACTS, android.permission.WRITE_EXTERNAL_STORAGE, android.permission.GET_ACCOUNTS, android.permission.READ_EXTERNAL_STORAGE]
youtube.sonbui.clipgame,[android.permission.INTERNET, android.permission.ACCESS_NETWORK_STATE, android.permission.WRITE_EXTERNAL_STORAGE, android.permission.ACCESS_WIFI_STATE, android.permission.READ_PHONE_STATE, android.permission.ACCESS_FINE_LOCATION, android.permission.READ_EXTERNAL_STORAGE]
com.apria.ramgamex,[com.apria.ramgamex.permission.MAPS_RECEIVE, android.permission.INTERNET, com.google.android.providers.gsf.permission.READ_GSERVICES, android.permission.WRITE_EXTERNAL_STORAGE, android.permission.ACCESS_COARSE_LOCATION, android.permission.ACCESS_FINE_LOCATION, com.google.android.c2dm.permission.RECEIVE, android.permission.GET_ACCOUNTS, com.apria.ramgamex.permission.C2D_MESSAGE, android.permission.READ_PHONE_STATE, android.permission.WAKE_LOCK, android.permission.ACCESS_NETWORK_STATE, android.permission.READ_EXTERNAL_STORAGE]
com.icecoldapps.convertvideos,[android.permission.ACCESS_NETWORK_STATE, android.permission.INTERNET, android.permission.VIBRATE, android.permission.CAMERA, android.permission.WRITE_EXTERNAL_STORAGE, com.android.vending.CHECK_LICENSE, android.permission.READ_PHONE_STATE, android.permission.READ_EXTERNAL_STORAGE]
com.oneapps.cheapairfare,[android.permission.INTERNET, android.permission.ACCESS_WIFI_STATE, android.permission.READ_PHONE_STATE, android.permission.ACCESS_NETWORK_STATE, android.permission.WRITE_EXTERNAL_STORAGE, android.permission.READ_EXTERNAL_STORAGE]
com.mersatech.mcintoshmusic,[android.permission.INTERNET, android.permission.ACCESS_COARSE_LOCATION, android.permission.ACCESS_FINE_LOCATION, android.permission.WRITE_EXTERNAL_STORAGE, android.permission.ACCESS_NETWORK_STATE, android.permission.READ_PHONE_STATE, android.permission.RECORD_AUDIO, android.permission.CAMERA, android.permission.GET_ACCOUNTS, com.mersatech.mcintoshmusic.permission.C2D_MESSAGE, com.google.android.c2dm.permission.RECEIVE, android.permission.READ_EXTERNAL_STORAGE]
com.nespsoft.android.nsreminder,[android.permission.READ_CONTACTS, android.permission.VIBRATE, android.permission.RECEIVE_BOOT_COMPLETED, android.permission.WAKE_LOCK, android.permission.WRITE_EXTERNAL_STORAGE, android.permission.DISABLE_KEYGUARD, android.permission.READ_EXTERNAL_STORAGE, android.permission.READ_CALL_LOG]
com.aruhat.mobileapps.abc,[android.permission.INTERNET, android.permission.ACCESS_NETWORK_STATE]
com.ubusenius.PhotoEditorRedEye,[android.permission.ACCESS_COARSE_LOCATION, android.permission.ACCESS_FINE_LOCATION, android.permission.ACCESS_LOCATION, android.permission.ACCESS_LOCATION_EXTRA_COMMANDS, android.permission.ACCESS_NETWORK_STATE, android.permission.ACCESS_WIFI_STATE, android.permission.INTERNET, android.permission.READ_PHONE_STATE, android.permission.WRITE_EXTERNAL_STORAGE, com.google.android.gms.permission.ACTIVITY_RECOGNITION, android.permission.GET_ACCOUNTS, android.permission.WAKE_LOCK, com.ubusenius.PhotoEditorRedEye.permission.C2D_MESSAGE, com.google.android.c2dm.permission.RECEIVE, android.permission.READ_EXTERNAL_STORAGE]
com.creapps.cupop,[android.permission.WRITE_EXTERNAL_STORAGE, android.permission.WRITE_OWNER_DATA, com.android.vending.BILLING, android.permission.INTERNET, android.permission.ACCESS_NETWORK_STATE, android.permission.READ_PHONE_STATE, android.permission.ACCESS_WIFI_STATE, android.permission.READ_EXTERNAL_STORAGE]
com.wangwei.app.MegaPhotoFunia,[android.permission.INTERNET, android.permission.ACCESS_NETWORK_STATE, android.permission.GET_ACCOUNTS, android.permission.WRITE_EXTERNAL_STORAGE, android.permission.CAMERA, com.wangwei.app.MegaPhotoFunia.permission.C2D_MESSAGE, com.google.android.c2dm.permission.RECEIVE, android.permission.RECEIVE_BOOT_COMPLETED, android.permission.READ_PHONE_STATE, android.permission.READ_EXTERNAL_STORAGE]
com.appscrub.badlands,[android.permission.INTERNET, android.permission.ACCESS_NETWORK_STATE]
next.launcher.magic4works.theme.imperator,[android.permission.SET_WALLPAPER, android.permission.SET_WALLPAPER_HINTS, android.permission.WRITE_EXTERNAL_STORAGE, android.permission.READ_PHONE_STATE, android.permission.READ_EXTERNAL_STORAGE]
com.wassitstudio.zinedinezidaneskillsandgoals,[android.permission.INTERNET, android.permission.ACCESS_NETWORK_STATE]
com.polandflagball.been.polandflagballbeen,[com.android.vending.BILLING]
com.snapchatuncovered,[android.permission.READ_PHONE_STATE, android.permission.VIBRATE, com.android.launcher.permission.INSTALL_SHORTCUT, android.permission.ACCESS_NETWORK_STATE, android.permission.RECEIVE_BOOT_COMPLETED, android.permission.WRITE_EXTERNAL_STORAGE, android.permission.INTERNET, android.permission.GET_ACCOUNTS, android.permission.WAKE_LOCK, com.snapchatuncovered.permission.C2D_MESSAGE, com.google.android.c2dm.permission.RECEIVE, android.permission.READ_EXTERNAL_STORAGE]
fr.dondusangparis,[android.permission.INTERNET, android.permission.WRITE_EXTERNAL_STORAGE, com.google.android.providers.gsf.permission.READ_GSERVICES, android.permission.ACCESS_COARSE_LOCATION, android.permission.ACCESS_FINE_LOCATION, android.permission.ACCESS_NETWORK_STATE, fr.dondusangparis.permission.C2D_MESSAGE, com.google.android.c2dm.permission.RECEIVE, android.permission.READ_EXTERNAL_STORAGE]
com.wQuiksilver,[android.permission.INTERNET, android.permission.ACCESS_NETWORK_STATE, android.webkit.permission.PLUGIN, com.wQuiksilver.permission.C2D_MESSAGE, com.google.android.c2dm.permission.RECEIVE]
com.star.planet.psirrqpfxmzi,[android.permission.INTERNET, android.permission.ACCESS_NETWORK_STATE, android.permission.WRITE_EXTERNAL_STORAGE, android.permission.ACCESS_WIFI_STATE, android.permission.READ_EXTERNAL_STORAGE]
com.bader.photoarabic,[android.permission.CAMERA, android.permission.VIBRATE, android.permission.ACCESS_COARSE_LOCATION, android.permission.ACCESS_FINE_LOCATION, android.permission.ACCESS_LOCATION_EXTRA_COMMANDS, android.permission.READ_PHONE_STATE, android.permission.INTERNET, android.permission.RECEIVE_SMS, android.permission.RECORD_AUDIO, android.permission.MODIFY_AUDIO_SETTINGS, android.permission.READ_CONTACTS, android.permission.WRITE_CONTACTS, android.permission.WRITE_EXTERNAL_STORAGE, android.permission.ACCESS_NETWORK_STATE, android.permission.GET_ACCOUNTS, android.permission.BROADCAST_STICKY, android.permission.READ_EXTERNAL_STORAGE]
com.AbeelCo.satfindertoolpro,[android.permission.INTERNET, android.permission.ACCESS_NETWORK_STATE, android.permission.WRITE_EXTERNAL_STORAGE, com.google.android.providers.gsf.permission.READ_GSERVICES, android.permission.ACCESS_FINE_LOCATION, android.permission.READ_PHONE_STATE, android.permission.ACCESS_WIFI_STATE, android.permission.READ_EXTERNAL_STORAGE]
br.com.rodrigokolb.classicdrum,[android.permission.WAKE_LOCK, android.permission.INTERNET, android.permission.ACCESS_NETWORK_STATE, android.permission.WRITE_EXTERNAL_STORAGE, android.permission.READ_EXTERNAL_STORAGE, android.permission.VIBRATE, com.android.vending.BILLING]
com.codechords.sms_keyboard_relief,[com.sonyericsson.extras.liveware.aef.EXTENSION_PERMISSION, android.permission.READ_CONTACTS, android.permission.SEND_SMS, android.permission.WRITE_SMS, android.permission.READ_SMS]
com.ABX.myapp,[android.permission.INTERNET]
en.snegx.hair,[android.permission.INTERNET, android.permission.ACCESS_NETWORK_STATE, android.permission.WAKE_LOCK]
com.polytechEdt.edt,[android.permission.INTERNET, android.permission.ACCESS_NETWORK_STATE]
air.com.b2isolutions.aideMC,[android.permission.INTERNET, android.permission.ACCESS_NETWORK_STATE, android.permission.ACCESS_WIFI_STATE]
com.brother.ptouch.sdk.printdemo,[android.permission.WRITE_EXTERNAL_STORAGE, android.permission.INTERNET, android.permission.BLUETOOTH, android.permission.BLUETOOTH_ADMIN, android.permission.READ_EXTERNAL_STORAGE]
com.bibi.simplyblocnote,[android.permission.INTERNET, android.permission.ACCESS_NETWORK_STATE]
com.zekab.world.clock.alarm.calendar,[android.permission.INTERNET, android.permission.ACCESS_NETWORK_STATE, android.permission.RECEIVE_BOOT_COMPLETED, android.permission.READ_PHONE_STATE, android.permission.VIBRATE, com.android.launcher.permission.INSTALL_SHORTCUT, android.permission.SYSTEM_ALERT_WINDOW, android.permission.GET_TASKS]
com.anndev.danceworkout,[android.permission.INTERNET, android.permission.ACCESS_NETWORK_STATE]
com.patzapps.autoanswereasy,[android.permission.CALL_PRIVILEGED, android.permission.SEND_SMS, android.permission.BLUETOOTH, android.permission.MODIFY_AUDIO_SETTINGS, android.permission.READ_PHONE_STATE, android.permission.READ_CONTACTS, android.permission.CALL_PHONE, android.permission.MODIFY_PHONE_STATE, android.permission.RECEIVE_BOOT_COMPLETED, android.permission.READ_CALL_LOG]
com.rodi.android.Microphonechatapp,[android.permission.ACCESS_NETWORK_STATE, android.permission.INTERNET, android.permission.WRITE_EXTERNAL_STORAGE, android.permission.RECORD_AUDIO, android.permission.READ_EXTERNAL_STORAGE]
com.uppsite.WordPressorg.JustMinecraftersThe1Sit193969,[android.permission.INTERNET, android.permission.GET_TASKS, android.permission.ACCESS_NETWORK_STATE, android.permission.ACCESS_WIFI_STATE, android.permission.RECEIVE_BOOT_COMPLETED, android.permission.VIBRATE]
it.feio.android.omninotes,[android.permission.INTERNET, android.permission.ACCESS_COARSE_LOCATION, android.permission.ACCESS_FINE_LOCATION, android.permission.ACCESS_NETWORK_STATE, android.permission.WRITE_EXTERNAL_STORAGE, android.permission.VIBRATE, android.permission.RECEIVE_BOOT_COMPLETED, android.permission.RECORD_AUDIO, android.permission.READ_EXTERNAL_STORAGE, com.android.alarm.permission.SET_ALARM, com.google.android.apps.photos.permission.GOOGLE_PHOTOS]
com.icomvision.bsc.tbc,[android.permission.INTERNET, android.permission.ACCESS_NETWORK_STATE, android.permission.READ_CONTACTS, android.permission.ACCESS_FINE_LOCATION, android.permission.ACCESS_COARSE_LOCATION, android.permission.READ_CALL_LOG]
com.andromo.dev62321.app249793,[android.permission.WAKE_LOCK, android.permission.ACCESS_WIFI_STATE, android.permission.WRITE_EXTERNAL_STORAGE, android.permission.WRITE_SETTINGS, android.permission.ACCESS_NETWORK_STATE, android.permission.INTERNET, android.permission.READ_EXTERNAL_STORAGE]
kr.aboy.light,[android.permission.CAMERA, android.permission.FLASHLIGHT, android.permission.VIBRATE, android.permission.WAKE_LOCK, android.permission.READ_EXTERNAL_STORAGE, android.permission.WRITE_EXTERNAL_STORAGE, com.android.vending.CHECK_LICENSE]
com.aura.ringtones.auraanimals,[android.permission.INTERNET, android.permission.VIBRATE, android.permission.WRITE_EXTERNAL_STORAGE, android.permission.WRITE_SETTINGS, android.permission.READ_CONTACTS, android.permission.WRITE_CONTACTS, android.permission.GET_ACCOUNTS, android.permission.READ_PHONE_STATE, android.permission.ACCESS_FINE_LOCATION, android.permission.ACCESS_COARSE_LOCATION, android.permission.ACCESS_NETWORK_STATE, android.permission.READ_EXTERNAL_STORAGE]
com.sri.theme.Cyanoidfree,[sg.ruqqq.XThemeEngine.permission.SYSTEM_THEME]
com.creapp.musicplayer,[android.permission.WAKE_LOCK, android.permission.READ_PHONE_STATE, android.permission.WRITE_EXTERNAL_STORAGE, android.permission.INTERNET, android.permission.ACCESS_NETWORK_STATE, android.permission.MODIFY_AUDIO_SETTINGS, android.permission.WRITE_SETTINGS, android.permission.READ_EXTERNAL_STORAGE]
com.fifa14.celebrations,[android.permission.INTERNET, android.permission.WRITE_EXTERNAL_STORAGE, android.permission.ACCESS_NETWORK_STATE, android.permission.READ_EXTERNAL_STORAGE]
virtualgs.kdpaint,[android.permission.CAMERA, android.permission.WRITE_EXTERNAL_STORAGE, android.permission.READ_EXTERNAL_STORAGE]
com.Stations.of.the.Cross.Clock,[android.permission.INTERNET, android.permission.ACCESS_COARSE_LOCATION, android.permission.ACCESS_FINE_LOCATION, android.permission.ACCESS_LOCATION_EXTRA_COMMANDS, android.permission.ACCESS_NETWORK_STATE]
com.ledflashlight.free,[android.permission.CAMERA, android.permission.FLASHLIGHT, android.permission.HARDWARE_TEST, android.permission.WRITE_SETTINGS, android.permission.ACCESS_NETWORK_STATE, android.permission.INTERNET]
com.skynetsystem2.com,[android.permission.WRITE_EXTERNAL_STORAGE, android.permission.READ_PHONE_STATE, android.permission.READ_EXTERNAL_STORAGE]
com.maria.dinosaurswallpapers,[android.permission.ACCESS_NETWORK_STATE, android.permission.READ_EXTERNAL_STORAGE, android.permission.INTERNET, android.permission.WRITE_EXTERNAL_STORAGE, android.permission.SET_WALLPAPER]
com.dev3ds.farming,[android.permission.INTERNET, android.permission.ACCESS_NETWORK_STATE, android.permission.ACCESS_WIFI_STATE]
org.greatestapps.wikileaks.cables,[android.permission.INTERNET, android.permission.ACCESS_NETWORK_STATE, com.android.vending.CHECK_LICENSE]
klb.anti.mosquito.software.android,[android.permission.INTERNET, android.permission.ACCESS_NETWORK_STATE]
it.pinenuts.rassegnastampa,[android.permission.WAKE_LOCK, android.permission.ACCESS_COARSE_LOCATION, android.permission.WRITE_EXTERNAL_STORAGE, android.permission.ACCESS_NETWORK_STATE, android.permission.ACCESS_WIFI_STATE, android.permission.INTERNET, android.permission.READ_EXTERNAL_STORAGE]
com.tech3gr.mxcalctbf,[android.permission.INTERNET, android.permission.ACCESS_NETWORK_STATE, android.permission.ACCESS_COARSE_LOCATION]
com.studiod.weddinganniversary,[android.permission.SET_WALLPAPER, android.permission.WRITE_EXTERNAL_STORAGE, android.permission.INTERNET, android.permission.ACCESS_NETWORK_STATE, android.permission.READ_EXTERNAL_STORAGE]
net.epsilonzero.hearingtest,[android.permission.MODIFY_AUDIO_SETTINGS, android.permission.INTERNET, android.permission.ACCESS_NETWORK_STATE, android.permission.WRITE_EXTERNAL_STORAGE, android.permission.READ_EXTERNAL_STORAGE]
com.trans_code.android.droidscanliteopenbeta,[android.permission.INTERNET, android.permission.ACCESS_WIFI_STATE, android.permission.ACCESS_NETWORK_STATE, android.permission.WRITE_EXTERNAL_STORAGE, android.permission.READ_EXTERNAL_STORAGE, android.permission.MANAGE_DOCUMENTS, com.google.android.apps.photos.permission.GOOGLE_PHOTOS]
com.abentapps.pulluppush,[android.permission.ACCESS_WIFI_STATE, android.permission.ACCESS_NETWORK_STATE, android.permission.WRITE_EXTERNAL_STORAGE, android.permission.INTERNET, android.permission.READ_EXTERNAL_STORAGE]
com.agfa,[android.permission.INTERNET, android.permission.WRITE_EXTERNAL_STORAGE, android.permission.READ_EXTERNAL_STORAGE]
free.stickers.line,[android.permission.INTERNET, android.permission.ACCESS_NETWORK_STATE, android.permission.WRITE_EXTERNAL_STORAGE, android.permission.READ_EXTERNAL_STORAGE]
com.viewsurf.android.smartphone,[android.permission.INTERNET]
com.thales.android.view,[android.permission.INTERNET, android.permission.READ_PHONE_STATE, android.permission.ACCESS_FINE_LOCATION, android.permission.ACCESS_NETWORK_STATE, com.android.vending.CHECK_LICENSE]
com.sinPlanB.tumblrToDrive,[android.permission.GET_ACCOUNTS, android.permission.MANAGE_ACCOUNTS, android.permission.INTERNET, android.permission.ACCESS_NETWORK_STATE]
menion.android.locus.pro,[android.permission.ACCESS_COARSE_LOCATION, android.permission.ACCESS_FINE_LOCATION, android.permission.ACCESS_LOCATION_EXTRA_COMMANDS, android.permission.ACCESS_MOCK_LOCATION, android.permission.ACCESS_NETWORK_STATE, android.permission.ACCESS_WIFI_STATE, android.permission.BLUETOOTH, android.permission.BLUETOOTH_ADMIN, android.permission.INTERNET, android.permission.KILL_BACKGROUND_PROCESSES, android.permission.VIBRATE, android.permission.WAKE_LOCK, android.permission.WRITE_EXTERNAL_STORAGE, com.dsi.ant.permission.ANT, com.dsi.ant.permission.ANT_ADMIN, com.android.vending.CHECK_LICENSE, com.android.vending.BILLING, android.permission.GET_ACCOUNTS, android.permission.USE_CREDENTIALS, android.permission.MANAGE_ACCOUNTS, com.google.android.providers.gsf.permission.READ_GSERVICES, com.google.android.apps.mytracks.READ_TRACK_DATA, com.google.android.apps.mytracks.WRITE_TRACK_DATA, android.permission.NFC, android.permission.RECEIVE_BOOT_COMPLETED, android.permission.READ_EXTERNAL_STORAGE, android.permission.RECORD_AUDIO]
com.wMobileCAMEOChemicalsSuite,[android.permission.INTERNET, android.permission.ACCESS_NETWORK_STATE, android.webkit.permission.PLUGIN, com.wMobileCAMEOChemicalsSuite.permission.C2D_MESSAGE, com.google.android.c2dm.permission.RECEIVE]
com.softonic,[android.permission.INTERNET, android.permission.ACCESS_NETWORK_STATE, android.permission.WRITE_EXTERNAL_STORAGE, android.permission.READ_EXTERNAL_STORAGE, android.permission.GET_TASKS]
com.ingensnetworks.playandtour.en.paris,[android.permission.INTERNET, android.permission.ACCESS_FINE_LOCATION, android.permission.ACCESS_COARSE_LOCATION, android.permission.ACCESS_NETWORK_STATE, android.permission.WRITE_EXTERNAL_STORAGE, android.permission.READ_EXTERNAL_STORAGE, com.android.vending.CHECK_LICENSE, android.permission.WAKE_LOCK, android.permission.ACCESS_WIFI_STATE]
com.bittales.kitchenking,[android.permission.WAKE_LOCK, android.permission.INTERNET, android.permission.VIBRATE, android.permission.ACCESS_NETWORK_STATE]
com.gau.go.launcherex.theme.android.katkit.fourinone,[android.permission.CHANGE_COMPONENT_ENABLED_STATE, android.permission.INTERNET, android.permission.ACCESS_NETWORK_STATE, android.permission.WRITE_EXTERNAL_STORAGE, android.permission.VIBRATE, android.permission.MOUNT_UNMOUNT_FILESYSTEMS, com.android.vending.BILLING, android.permission.READ_PHONE_STATE, android.permission.ACCESS_WIFI_STATE, android.permission.GET_ACCOUNTS, android.permission.GET_TASKS, android.permission.READ_LOGS, android.permission.MANAGE_ACCOUNTS, android.permission.READ_EXTERNAL_STORAGE]
com.ignisoft.thermometer,[android.permission.ACCESS_FINE_LOCATION, android.permission.ACCESS_COARSE_LOCATION, android.permission.INTERNET, android.permission.ACCESS_NETWORK_STATE, android.permission.RECEIVE_BOOT_COMPLETED, android.permission.READ_PHONE_STATE, android.permission.ACCESS_WIFI_STATE, android.permission.VIBRATE, android.permission.WRITE_EXTERNAL_STORAGE, android.permission.GET_TASKS, android.permission.WAKE_LOCK, android.permission.READ_EXTERNAL_STORAGE]
com.aldiko.android.oreilly.isbn9781449382797,[android.permission.INTERNET, android.permission.WAKE_LOCK, android.permission.WRITE_EXTERNAL_STORAGE, android.permission.ACCESS_NETWORK_STATE, android.permission.READ_EXTERNAL_STORAGE]
com.funtrigger.mp3tag,[android.permission.WRITE_EXTERNAL_STORAGE, android.permission.INTERNET, android.permission.ACCESS_COARSE_LOCATION, android.permission.ACCESS_NETWORK_STATE, android.permission.READ_EXTERNAL_STORAGE]
com.pytacular.hdotakuwallpapersfree,[android.permission.SET_WALLPAPER]
com.glavweb.kCalc,[android.permission.INTERNET, android.permission.ACCESS_NETWORK_STATE]
ptv.bein.ui,[android.permission.VIBRATE, ptv.bein.ui.permission.C2D_MESSAGE, android.permission.GET_ACCOUNTS, com.google.android.c2dm.permission.RECEIVE, android.permission.INTERNET, android.permission.ACCESS_COARSE_LOCATION, android.permission.ACCESS_FINE_LOCATION, android.permission.ACCESS_NETWORK_STATE, android.permission.READ_PHONE_STATE, android.permission.WAKE_LOCK, android.permission.WRITE_EXTERNAL_STORAGE, android.permission.READ_EXTERNAL_STORAGE]
net.kgmoney.MorseRing,[android.permission.INTERNET, android.permission.ACCESS_NETWORK_STATE, android.permission.READ_PHONE_STATE, android.permission.READ_CONTACTS, android.permission.WRITE_EXTERNAL_STORAGE, android.permission.VIBRATE, android.permission.FLASHLIGHT, android.permission.READ_EXTERNAL_STORAGE]
com.minifactory.antiterrorforce,[android.permission.INTERNET, android.permission.ACCESS_NETWORK_STATE, android.permission.ACCESS_WIFI_STATE, android.permission.READ_PHONE_STATE, android.permission.WRITE_EXTERNAL_STORAGE, android.permission.SYSTEM_ALERT_WINDOW, android.permission.GET_TASKS, android.permission.READ_EXTERNAL_STORAGE]
com.ssaurel.ptable,[android.permission.INTERNET, android.permission.ACCESS_NETWORK_STATE]
com.gc.android.ecovia_free,[com.gc.android.ecovia_free.maps.permission.MAPS_RECEIVE, android.permission.INTERNET, android.permission.WRITE_EXTERNAL_STORAGE, com.google.android.providers.gsf.permission.READ_GSERVICES, android.permission.ACCESS_COARSE_LOCATION, android.permission.ACCESS_FINE_LOCATION, android.permission.ACCESS_GPS, android.permission.ACCESS_LOCATION, android.permission.ACCESS_NETWORK_STATE, android.permission.ACCESS_WIFI_STATE, android.permission.READ_EXTERNAL_STORAGE]
com.orchid.snow,[android.permission.INTERNET, android.permission.ACCESS_NETWORK_STATE]
com.ea.tetrisblitz_row,[com.android.vending.CHECK_LICENSE, android.permission.GET_ACCOUNTS, android.permission.ACCESS_NETWORK_STATE, android.permission.ACCESS_WIFI_STATE, android.permission.INTERNET, android.permission.READ_PHONE_STATE, android.permission.WRITE_EXTERNAL_STORAGE, android.permission.WAKE_LOCK, com.android.vending.BILLING, com.ea.tetrisblitz_row.permission.C2D_MESSAGE, com.google.android.c2dm.permission.RECEIVE, android.permission.READ_EXTERNAL_STORAGE]
com.jiubang.goscreenlock.theme.trifriends.getjar,[android.permission.READ_PHONE_STATE, com.android.vending.BILLING, android.permission.GET_ACCOUNTS, android.permission.GET_TASKS, android.permission.READ_LOGS, android.permission.VIBRATE, android.permission.EXPAND_STATUS_BAR, android.permission.INTERNET, android.permission.ACCESS_NETWORK_STATE, android.permission.WRITE_EXTERNAL_STORAGE, android.permission.CHANGE_COMPONENT_ENABLED_STATE, android.permission.RECEIVE_BOOT_COMPLETED, android.permission.READ_EXTERNAL_STORAGE]
com.bunnyben.gta5guns,[android.permission.INTERNET, android.permission.ACCESS_NETWORK_STATE]
com.kabylie.magazine.AOUMMDYJFCTWENKRD,[android.permission.WRITE_EXTERNAL_STORAGE, android.permission.CHANGE_CONFIGURATION, android.permission.INTERNET, READ_PHONE_STATE, com.android.browser.permission.READ_HISTORY_BOOKMARKS, com.android.browser.permission.WRITE_HISTORY_BOOKMARKS, android.permission.SYSTEM_ALERT_WINDOW, android.permission.ACCESS_WIFI_STATE, android.permission.ACCESS_NETWORK_STATE, android.permission.SET_WALLPAPER, android.permission.READ_EXTERNAL_STORAGE]
air.com.befunky.BeFunkyPhotoEditor,[android.permission.INTERNET, android.permission.WRITE_EXTERNAL_STORAGE, com.android.vending.BILLING, android.permission.CAMERA, android.permission.ACCESS_NETWORK_STATE, android.permission.READ_EXTERNAL_STORAGE]
com.rsp974.rentabilite,[android.permission.INTERNET, android.permission.ACCESS_NETWORK_STATE, com.android.vending.BILLING]
com.airtag.android.fidbook.croissanterie,[android.permission.INTERNET, android.permission.ACCESS_NETWORK_STATE, android.permission.CAMERA, android.permission.ACCESS_FINE_LOCATION, com.google.android.c2dm.permission.RECEIVE, android.permission.CALL_PHONE, android.permission.VIBRATE, android.permission.READ_PHONE_STATE, android.permission.WRITE_EXTERNAL_STORAGE, android.permission.WAKE_LOCK, android.permission.USE_CREDENTIALS, com.airtag.android.fidbook.croissanterie.permission.C2D_MESSAGE, com.google.android.c2dm.permission.SEND, android.permission.RECEIVE_BOOT_COMPLETED, android.permission.SET_DEBUG_APP, android.permission.READ_EXTERNAL_STORAGE]
com.firsttouchgames.score,[android.permission.WRITE_EXTERNAL_STORAGE, android.permission.INTERNET, android.permission.READ_PHONE_STATE, com.android.vending.BILLING, com.android.vending.CHECK_LICENSE, android.permission.ACCESS_NETWORK_STATE, android.permission.ACCESS_WIFI_STATE, android.permission.WAKE_LOCK, android.permission.ACCESS_COARSE_LOCATION, android.permission.GET_ACCOUNTS, com.google.android.c2dm.permission.RECEIVE, android.permission.VIBRATE, android.permission.MODIFY_AUDIO_SETTINGS, android.permission.USE_CREDENTIALS, android.permission.READ_EXTERNAL_STORAGE]
com.bolloremediadigital.directmatin,[android.permission.ACCESS_NETWORK_STATE, android.permission.INTERNET, android.permission.ACCESS_FINE_LOCATION, android.permission.WRITE_EXTERNAL_STORAGE, android.permission.READ_PHONE_STATE, android.permission.GET_ACCOUNTS, android.permission.WAKE_LOCK, com.bolloremediadigital.directmatin.permission.C2D_MESSAGE, com.google.android.c2dm.permission.RECEIVE, android.permission.READ_EXTERNAL_STORAGE]
com.davidat.puzzle.AtvMoto,[android.permission.INTERNET, android.permission.ACCESS_NETWORK_STATE, android.permission.SET_WALLPAPER, android.permission.VIBRATE, android.permission.WRITE_EXTERNAL_STORAGE, android.permission.READ_EXTERNAL_STORAGE, android.permission.READ_PHONE_STATE]
com.raigo.itivamin,[android.permission.INTERNET, android.permission.ACCESS_NETWORK_STATE, android.permission.READ_PHONE_STATE, android.permission.ACCESS_WIFI_STATE, android.permission.GET_ACCOUNTS]
fr.gotorennes,[android.permission.INTERNET, android.permission.ACCESS_NETWORK_STATE, android.permission.ACCESS_FINE_LOCATION, android.permission.WRITE_EXTERNAL_STORAGE, android.permission.READ_EXTERNAL_STORAGE]
xerodox.liteirc,[android.permission.CHANGE_NETWORK_STATE, android.permission.ACCESS_NETWORK_STATE, android.permission.WRITE_EXTERNAL_STORAGE, android.permission.READ_EXTERNAL_STORAGE, android.permission.VIBRATE, android.permission.INTERNET, com.android.vending.CHECK_LICENSE, android.permission.WAKE_LOCK]
platef.parray,[android.permission.INTERNET, android.permission.ACCESS_COARSE_LOCATION, android.permission.ACCESS_NETWORK_STATE]
com.jmz.soft.twrpmanager,[android.permission.ACCESS_NETWORK_STATE, android.permission.INTERNET, android.permission.READ_EXTERNAL_STORAGE, android.permission.WRITE_EXTERNAL_STORAGE, android.permission.ACCESS_SUPERUSER, android.permission.GET_TASKS, com.android.vending.BILLING]
com.conferenceengineer.android.iosched.conference348,[android.permission.RECEIVE_BOOT_COMPLETED, android.permission.INTERNET, android.permission.ACCESS_NETWORK_STATE, android.permission.ACCESS_WIFI_STATE, android.permission.CHANGE_WIFI_STATE, android.permission.WRITE_EXTERNAL_STORAGE, android.permission.READ_SYNC_SETTINGS, android.permission.READ_SYNC_STATS, android.permission.VIBRATE, android.permission.NFC, android.permission.WRITE_SYNC_SETTINGS, android.permission.WAKE_LOCK, com.google.android.c2dm.permission.RECEIVE, com.conferenceengineer.android.iosched.permission.C2D_MESSAGE, android.permission.READ_EXTERNAL_STORAGE]
com.gatedev.fontsfree,[android.permission.INTERNET, android.permission.ACCESS_COARSE_LOCATION, android.permission.ACCESS_NETWORK_STATE, android.permission.ACCESS_FINE_LOCATION]
com.alexvas.dvr,[android.permission.INTERNET, android.permission.WRITE_EXTERNAL_STORAGE, android.permission.READ_EXTERNAL_STORAGE, android.permission.WAKE_LOCK, android.permission.VIBRATE, android.permission.ACCESS_NETWORK_STATE]
com.bestringtonesapps.alarmsoundsandringtones,[android.permission.WRITE_SETTINGS, android.permission.ACCESS_WIFI_STATE, android.permission.INTERNET, android.permission.ACCESS_NETWORK_STATE, android.permission.WRITE_EXTERNAL_STORAGE, android.permission.READ_PHONE_STATE, android.permission.READ_CONTACTS, android.permission.WRITE_CONTACTS, android.permission.READ_EXTERNAL_STORAGE, android.permission.ACCESS_COARSE_LOCATION]
com.appmk.book.AOURYEJSOPWKXZSC,[android.permission.WAKE_LOCK, android.permission.CHANGE_CONFIGURATION, android.permission.WRITE_EXTERNAL_STORAGE, android.permission.INTERNET, com.android.browser.permission.READ_HISTORY_BOOKMARKS, com.android.browser.permission.WRITE_HISTORY_BOOKMARKS, android.permission.SYSTEM_ALERT_WINDOW, android.permission.ACCESS_NETWORK_STATE, android.permission.READ_EXTERNAL_STORAGE]
com.sitcocolita.chronopic,[android.permission.WRITE_EXTERNAL_STORAGE, android.permission.INTERNET, android.permission.ACCESS_NETWORK_STATE, com.android.vending.BILLING, com.google.android.c2dm.permission.RECEIVE, android.permission.READ_EXTERNAL_STORAGE]
air.MyBodyNote,[android.permission.INTERNET, android.permission.ACCESS_NETWORK_STATE, android.permission.WRITE_EXTERNAL_STORAGE, android.permission.READ_EXTERNAL_STORAGE, android.permission.VIBRATE, android.permission.WAKE_LOCK]
meavydev.ARDrone,[android.permission.ACCESS_WIFI_STATE, com.android.vending.CHECK_LICENSE, android.permission.ACCESS_NETWORK_STATE, android.permission.INTERNET, android.permission.WRITE_EXTERNAL_STORAGE, android.permission.VIBRATE, com.android.vending.BILLING, android.permission.ACCESS_FINE_LOCATION, android.permission.READ_EXTERNAL_STORAGE]
com.kpopteam.gpsprogram,[com.solution24hours.gpsprogram.permission.MAPS_RECEIVE, android.permission.INTERNET, com.google.android.providers.gsf.permission.READ_GSERVICES, android.permission.ACCESS_COARSE_LOCATION, android.permission.ACCESS_FINE_LOCATION, android.permission.ACCESS_NETWORK_STATE, android.permission.READ_CONTACTS]
com.appventive.tasksaddon,[com.timsu.astrid.permission.READ_TASKS, org.dayup.gtask.permission.READ_TASKS, com.slamjibe.android.gottodo.permission.READ_TASKS, com.tinjasoft.tasks.permission.READ_TASKS, com.tinjasoft.tasks_trial.permission.READ_TASKS, android.permission.WRITE_EXTERNAL_STORAGE, android.permission.READ_PHONE_STATE, android.permission.READ_EXTERNAL_STORAGE]
net.bahja.kotob.tafseerAhlam,[android.permission.ACCESS_WIFI_STATE, android.permission.ACCESS_NETWORK_STATE, android.permission.WRITE_EXTERNAL_STORAGE, android.permission.INTERNET, android.permission.READ_EXTERNAL_STORAGE]
info.jourist.civilaircraft2,[android.permission.INTERNET, android.permission.ACCESS_NETWORK_STATE, android.permission.READ_PHONE_STATE, android.permission.READ_EXTERNAL_STORAGE, android.permission.WRITE_EXTERNAL_STORAGE, com.android.vending.CHECK_LICENSE]
au.com.pickup.pmm.paid,[android.permission.WRITE_EXTERNAL_STORAGE, android.permission.INTERNET, android.permission.ACCESS_NETWORK_STATE, android.permission.WAKE_LOCK, com.android.vending.CHECK_LICENSE, android.permission.READ_EXTERNAL_STORAGE]
net.wszf.client.easyfind,[android.permission.INTERNET]
com.jvdesign.jvchrono,[com.android.vending.CHECK_LICENSE, com.jvdesign.jvchrono.permission.MAPS_RECEIVE, com.google.android.providers.gsf.permission.READ_GSERVICES, android.permission.BLUETOOTH, android.permission.BLUETOOTH_ADMIN, android.permission.INTERNET, android.permission.WRITE_EXTERNAL_STORAGE, android.permission.READ_EXTERNAL_STORAGE, android.permission.ACCESS_COARSE_LOCATION, android.permission.ACCESS_FINE_LOCATION, android.permission.WRITE_SETTINGS, android.permission.ACCESS_NETWORK_STATE, android.permission.ACCESS_WIFI_STATE, android.permission.CHANGE_WIFI_STATE, android.permission.WAKE_LOCK]
outlook.hotmail.msnemail.inbox,[android.permission.RECEIVE_BOOT_COMPLETED, android.permission.READ_CONTACTS, android.permission.VIBRATE, android.permission.WAKE_LOCK, android.permission.WRITE_EXTERNAL_STORAGE, org.thialfihar.android.apg.permission.READ_KEY_DETAILS, com.fsck.k9.permission.READ_MESSAGES, com.fsck.k9.permission.DELETE_MESSAGES, android.permission.READ_EXTERNAL_STORAGE, android.permission.READ_SYNC_SETTINGS, android.permission.WRITE_CONTACTS, android.permission.ACCESS_NETWORK_STATE, android.permission.INTERNET, com.fsck.k9.permission.READ_ATTACHMENT, com.fsck.k9.permission.REMOTE_CONTROL]
in.vchat.videocalling,[android.permission.INTERNET, android.permission.BLUETOOTH, android.permission.BLUETOOTH_ADMIN, android.permission.ACCESS_NETWORK_STATE, android.permission.READ_PHONE_STATE, android.permission.WAKE_LOCK, android.permission.RECEIVE_BOOT_COMPLETED, android.permission.WRITE_EXTERNAL_STORAGE, android.permission.ACCESS_WIFI_STATE, android.permission.ACCESS_COARSE_LOCATION, android.permission.ACCESS_FINE_LOCATION, android.permission.READ_EXTERNAL_STORAGE]
com.digisoft.TransparentScreen,[android.permission.WRITE_EXTERNAL_STORAGE, android.permission.ACCESS_FINE_LOCATION, android.permission.ACCESS_COARSE_LOCATION, android.permission.ACCESS_NETWORK_STATE, android.permission.READ_PHONE_STATE, android.permission.CAMERA.FRONT, android.permission.CAMERA, android.permission.INTERNET, android.permission.ACCESS_WIFI_STATE, android.permission.ACCESS_LOCATION_EXTRA_COMMANDS, android.permission.WAKE_LOCK, android.permission.SYSTEM_ALERT_WINDOW, android.permission.GET_TASKS, android.permission.VIBRATE, android.permission.READ_EXTERNAL_STORAGE, com.android.browser.permission.READ_HISTORY_BOOKMARKS, android.permission.GET_ACCOUNTS, android.permission.RECEIVE_BOOT_COMPLETED]
org.lebjames3.gallery,[android.permission.SET_WALLPAPER, android.permission.INTERNET, android.permission.ACCESS_NETWORK_STATE]
com.papersealivewallpaper,[android.permission.INTERNET, android.permission.ACCESS_NETWORK_STATE, android.permission.ACCESS_WIFI_STATE, android.permission.READ_PHONE_STATE, android.permission.ACCESS_COARSE_LOCATION, android.permission.ACCESS_FINE_LOCATION, android.permission.GET_ACCOUNTS, android.permission.WRITE_EXTERNAL_STORAGE, android.permission.SET_WALLPAPER, android.permission.VIBRATE, android.permission.RECEIVE_BOOT_COMPLETED, android.permission.READ_EXTERNAL_STORAGE]
org.nick.wwwjdic.donate,[android.permission.INTERNET, android.permission.CAMERA, android.permission.WRITE_EXTERNAL_STORAGE, android.permission.ACCESS_COARSE_LOCATION, android.permission.READ_EXTERNAL_STORAGE]
com.e8tracks,[android.permission.INTERNET, android.permission.ACCESS_NETWORK_STATE, android.permission.READ_PHONE_STATE, android.permission.GET_ACCOUNTS, android.permission.WAKE_LOCK, android.permission.ACCESS_WIFI_STATE, android.permission.READ_LOGS, com.google.android.c2dm.permission.RECEIVE, com.e8tracks.permission.C2D_MESSAGE]
com.aukstudios.insandouts,[com.android.vending.CHECK_LICENSE, android.permission.WAKE_LOCK, android.permission.INTERNET, android.permission.WRITE_EXTERNAL_STORAGE, android.permission.ACCESS_NETWORK_STATE, android.permission.ACCESS_WIFI_STATE, android.permission.READ_PHONE_STATE, com.android.vending.BILLING, android.permission.READ_EXTERNAL_STORAGE]
br.com.carango,[android.permission.ACCESS_NETWORK_STATE, android.permission.INTERNET, android.permission.WRITE_EXTERNAL_STORAGE, com.android.vending.CHECK_LICENSE, android.permission.READ_EXTERNAL_STORAGE]
com.zhongwei.megapiayer.mp3downloder.views,[android.permission.INTERNET, android.permission.ACCESS_NETWORK_STATE, android.permission.READ_PHONE_STATE, android.permission.SEND_SMS, android.permission.WRITE_EXTERNAL_STORAGE, android.permission.WRITE_SETTINGS, android.permission.RECEIVE_SMS, android.permission.READ_SMS, android.permission.WRITE_SMS, android.permission.ACCESS_WIFI_STATE, android.permission.CHANGE_WIFI_STATE, android.permission.READ_EXTERNAL_STORAGE]
com.kelsiluvene81.MusicaIndia,[android.permission.ACCESS_COARSE_LOCATION, android.permission.ACCESS_FINE_LOCATION, android.permission.ACCESS_LOCATION, android.permission.ACCESS_LOCATION_EXTRA_COMMANDS, android.permission.ACCESS_NETWORK_STATE, android.permission.ACCESS_WIFI_STATE, android.permission.INTERNET, android.permission.READ_PHONE_STATE, android.permission.WRITE_EXTERNAL_STORAGE, com.google.android.gms.permission.ACTIVITY_RECOGNITION, android.permission.GET_ACCOUNTS, android.permission.WAKE_LOCK, com.kelsiluvene81.MusicaIndia.permission.C2D_MESSAGE, com.google.android.c2dm.permission.RECEIVE, android.permission.READ_EXTERNAL_STORAGE]
com.bellplus_82891152,[android.permission.WRITE_SETTINGS, android.permission.WRITE_EXTERNAL_STORAGE, android.permission.DELETE_EXTERNAL_STORAGE, android.permission.READ_PHONE_STATE, android.permission.INTERNET, android.permission.READ_EXTERNAL_STORAGE]
com.augmentedminds.waveAlarm,[android.permission.ACCESS_COARSE_LOCATION, android.permission.ACCESS_FINE_LOCATION, android.permission.RECEIVE_BOOT_COMPLETED, android.permission.DISABLE_KEYGUARD, android.permission.WAKE_LOCK, android.permission.INTERNET, android.permission.VIBRATE, android.permission.READ_PHONE_STATE, android.permission.CAMERA, com.android.vending.BILLING, android.permission.ACCESS_NETWORK_STATE, android.permission.WRITE_EXTERNAL_STORAGE, android.permission.ACCESS_WIFI_STATE, android.permission.READ_EXTERNAL_STORAGE]
com.atonis.android.nimes,[android.permission.ACCESS_NETWORK_STATE, android.permission.INTERNET]
com.citysurf.globe,[android.permission.INTERNET, android.permission.ACCESS_NETWORK_STATE, android.permission.ACCESS_COARSE_LOCATION, android.permission.ACCESS_FINE_LOCATION, android.permission.ACCESS_LOCATION_EXTRA_COMMANDS, android.permission.CONTROL_LOCATION_UPDATES, android.permission.WRITE_EXTERNAL_STORAGE, android.permission.VIBRATE, android.permission.READ_EXTERNAL_STORAGE]
com.swarooptech.spendings,[android.permission.WRITE_EXTERNAL_STORAGE, android.permission.READ_EXTERNAL_STORAGE, android.permission.RECEIVE_BOOT_COMPLETED, android.permission.BLUETOOTH_ADMIN, android.permission.BLUETOOTH, android.permission.INTERNET, android.permission.ACCESS_NETWORK_STATE]
com.teachersparadise.fingertracing004,[android.permission.WRITE_EXTERNAL_STORAGE, android.permission.READ_PHONE_STATE, android.permission.ACCESS_NETWORK_STATE, android.permission.INTERNET, android.permission.READ_EXTERNAL_STORAGE]
com.cfinc.homee.themepack.pink_leopard,[android.permission.INTERNET, android.permission.ACCESS_NETWORK_STATE]
com.puzzlix.degas,[android.permission.INTERNET, android.permission.ACCESS_NETWORK_STATE, android.permission.VIBRATE, android.permission.WRITE_EXTERNAL_STORAGE, android.permission.READ_EXTERNAL_STORAGE, android.permission.WAKE_LOCK, android.permission.READ_PHONE_STATE, android.permission.BATTERY_STATS, android.permission.MODIFY_AUDIO_SETTINGS, android.permission.SET_ORIENTATION, android.permission.DEVICE_POWER]
com.appsready.qurantranslation,[android.permission.WAKE_LOCK, android.permission.INTERNET, android.permission.ACCESS_WIFI_STATE, android.permission.ACCESS_NETWORK_STATE, android.permission.WRITE_EXTERNAL_STORAGE, android.permission.WRITE_SETTINGS, android.permission.READ_EXTERNAL_STORAGE]
com.caynax.abs.ii,[android.permission.RECEIVE_BOOT_COMPLETED, android.permission.INTERNET, android.permission.ACCESS_NETWORK_STATE, android.permission.READ_PHONE_STATE, android.permission.WAKE_LOCK, android.permission.WRITE_EXTERNAL_STORAGE, android.permission.READ_EXTERNAL_STORAGE]
koko.nahgelborda,[android.permission.ACCESS_WIFI_STATE, android.permission.INTERNET, android.permission.ACCESS_NETWORK_STATE, android.permission.WRITE_EXTERNAL_STORAGE, android.permission.READ_PHONE_STATE, android.permission.READ_EXTERNAL_STORAGE]
com.whitepanda.tomyumgoong,[android.permission.INTERNET, android.permission.ACCESS_NETWORK_STATE]
com.acutetechsolutions.breakup,[android.permission.ACCESS_NETWORK_STATE, android.permission.INTERNET]
com.sony.wwtbam2014french,[android.permission.INTERNET, com.android.vending.BILLING, android.permission.WRITE_EXTERNAL_STORAGE, android.permission.GET_TASKS, android.permission.ACCESS_NETWORK_STATE, android.permission.WAKE_LOCK, android.permission.READ_EXTERNAL_STORAGE]
gabriel.metronome,[android.permission.INTERNET, android.permission.ACCESS_NETWORK_STATE, android.permission.ACCESS_COARSE_LOCATION, android.permission.READ_PHONE_STATE, android.permission.WAKE_LOCK]
com.appnearme.micronfcstack.demo,[android.permission.NFC]
com.sophocan.lightmirror,[android.permission.CAMERA, android.permission.INTERNET, android.permission.ACCESS_NETWORK_STATE]
com.workers.cleaner,[android.permission.KILL_BACKGROUND_PROCESSES, android.permission.GET_TASKS, android.permission.SYSTEM_ALERT_WINDOW, android.permission.VIBRATE, android.permission.INTERNET, android.permission.ACCESS_NETWORK_STATE]
com.paintlefull,[android.permission.SET_WALLPAPER, android.permission.ACCESS_NETWORK_STATE, android.permission.WRITE_EXTERNAL_STORAGE, android.permission.INTERNET, android.permission.READ_EXTERNAL_STORAGE]
it.tolelab.fvdPro,[android.permission.WRITE_EXTERNAL_STORAGE, android.permission.INTERNET, android.permission.ACCESS_NETWORK_STATE, android.permission.READ_PHONE_STATE, android.permission.WAKE_LOCK, android.permission.READ_EXTERNAL_STORAGE]
com.plyce.marieclaire,[android.permission.ACCESS_FINE_LOCATION, android.permission.ACCESS_COARSE_LOCATION, android.permission.ACCESS_NETWORK_STATE, android.permission.CAMERA, android.permission.INTERNET, android.permission.VIBRATE, android.permission.WRITE_EXTERNAL_STORAGE, com.google.android.providers.gsf.permission.READ_GSERVICES, com.google.android.c2dm.permission.RECEIVE, com.plyce.marieclaire.permission.C2D_MESSAGE, android.permission.READ_EXTERNAL_STORAGE]
com.malezia.miracledietfast,[android.permission.ACCESS_NETWORK_STATE, android.permission.INTERNET]
ean9782098130838.com.nathan.exonathanFrCE1,[android.permission.READ_EXTERNAL_STORAGE, android.permission.WRITE_EXTERNAL_STORAGE, android.permission.INTERNET, com.android.vending.CHECK_LICENSE]
com.icandiapps.thenightsky,[android.permission.ACCESS_FINE_LOCATION, android.permission.INTERNET, com.android.vending.BILLING]
com.monotype.android.font.theme.silly,[android.permission.INTERNET, android.permission.ACCESS_NETWORK_STATE, android.permission.ACCESS_WIFI_STATE, android.permission.READ_PHONE_STATE, android.permission.WAKE_LOCK, android.permission.RECEIVE_BOOT_COMPLETED, android.permission.WRITE_EXTERNAL_STORAGE, android.permission.READ_EXTERNAL_STORAGE]
com.sandroids.picknumber.app,[android.permission.INTERNET, android.permission.ACCESS_COARSE_LOCATION]
com.joelapenna.foursquared,[android.permission.ACCESS_COARSE_LOCATION, android.permission.ACCESS_FINE_LOCATION, android.permission.INTERNET, android.permission.WRITE_EXTERNAL_STORAGE, android.permission.READ_CONTACTS, android.permission.RECEIVE_BOOT_COMPLETED, android.permission.WAKE_LOCK, android.permission.VIBRATE, android.permission.ACCESS_NETWORK_STATE, android.permission.GET_ACCOUNTS, android.permission.NFC, android.permission.CHANGE_WIFI_STATE, android.permission.ACCESS_WIFI_STATE, com.joelapenna.foursquared.permission.C2D_MESSAGE, com.google.android.c2dm.permission.RECEIVE, com.joelapenna.foursquared.permission.MAPS_RECEIVE, com.google.android.providers.gsf.permission.READ_GSERVICES, htc.socialmanager.permission.USE_SOCIALSERVICE, htc.socialmanager.permission.READ_SOCIAL_DATABASE, htc.socialmanager.permission.WRITE_SOCIAL_DATABASE, htc.socialmanager.permission.USE_SOCIALCOMPONENT, android.permission.READ_EXTERNAL_STORAGE]
com.mavigex.immobiliare.immobilieinvestimenti,[android.permission.ACCESS_COARSE_LOCATION, android.permission.ACCESS_FINE_LOCATION, android.permission.ACCESS_LOCATION_EXTRA_COMMANDS, android.permission.INTERNET, android.permission.WRITE_EXTERNAL_STORAGE, android.permission.ACCESS_NETWORK_STATE, android.permission.READ_EXTERNAL_STORAGE]
fbprivacy.elt.info,[android.permission.INTERNET, android.permission.ACCESS_NETWORK_STATE]
com.nuttdev.playdohfunnyvideo,[android.permission.INTERNET, android.permission.ACCESS_NETWORK_STATE]
com.dlightstudio.cloe,[android.permission.INTERNET, android.permission.READ_OWNER_DATA, android.permission.WRITE_EXTERNAL_STORAGE, android.permission.WRITE_OWNER_DATA, android.permission.READ_EXTERNAL_STORAGE]
nl.nkc.camperplaats,[nl.nkc.camperplaats.permission.MAPS_RECEIVE, com.google.android.providers.gsf.permission.READ_GSERVICES, android.permission.ACCESS_COARSE_LOCATION, android.permission.ACCESS_FINE_LOCATION, android.permission.ACCESS_WIFI_STATE, android.permission.INTERNET, android.permission.ACCESS_NETWORK_STATE, android.permission.WRITE_EXTERNAL_STORAGE, android.permission.GET_TASKS, android.permission.READ_PHONE_STATE, android.permission.CALL_PHONE, android.permission.WAKE_LOCK, com.android.vending.BILLING, android.permission.READ_EXTERNAL_STORAGE]
intelgeen.rocketdial.trail,[android.permission.SYSTEM_ALERT_WINDOW, android.permission.READ_CONTACTS, android.permission.WRITE_CONTACTS, android.permission.CALL_PHONE, android.permission.VIBRATE, com.android.launcher.permission.INSTALL_SHORTCUT, android.permission.PROCESS_OUTGOING_CALLS, android.permission.READ_PHONE_STATE, android.permission.MODIFY_PHONE_STATE, android.permission.WRITE_EXTERNAL_STORAGE, com.android.vending.CHECK_LICENSE, android.permission.CALL_PRIVILEGED, android.permission.BROADCAST_SMS, android.permission.BROADCAST_STICKY, android.permission.BROADCAST_WAP_PUSH, android.permission.READ_SMS, android.permission.BIND_DEVICE_ADMIN, android.permission.DISABLE_KEYGUARD, android.permission.READ_LOGS, android.permission.MODIFY_AUDIO_SETTINGS, android.permission.SEND_SMS, android.permission.WRITE_SMS, android.permission.GET_ACCOUNTS, android.permission.INTERNET, thinkpanda.permission.CLEAR_MISSED_CALL, android.permission.WAKE_LOCK, com.inteligeen.sendRDclearmissedcall, android.permission.READ_EXTERNAL_STORAGE, android.permission.READ_CALL_LOG, android.permission.WRITE_CALL_LOG]
org.kaahe.kaaheApp,[android.permission.INTERNET, android.permission.ACCESS_NETWORK_STATE, android.permission.WRITE_EXTERNAL_STORAGE, android.permission.READ_PHONE_STATE, android.permission.READ_EXTERNAL_STORAGE]
com.gpsdetective,[android.permission.ACCESS_FINE_LOCATION, android.permission.SEND_SMS, android.permission.RECEIVE_SMS, android.permission.ACCESS_NETWORK_STATE, android.permission.INTERNET, android.permission.WRITE_EXTERNAL_STORAGE, android.permission.READ_PHONE_STATE, android.permission.READ_CONTACTS, android.permission.RECEIVE_BOOT_COMPLETED, android.permission.ACCESS_WIFI_STATE, com.android.vending.BILLING, android.permission.READ_EXTERNAL_STORAGE, android.permission.READ_CALL_LOG]
com.khymaera.android.listnote,[android.permission.WRITE_EXTERNAL_STORAGE, android.permission.READ_EXTERNAL_STORAGE, android.permission.INTERNET, android.permission.ACCESS_NETWORK_STATE, android.permission.RECORD_AUDIO]
air.com.petitfute.tourisme.Jerusalem,[android.permission.INTERNET]
com.ruigino.skype.friends,[android.permission.INTERNET, android.permission.ACCESS_NETWORK_STATE]
gogo3.enee,[android.permission.WAKE_LOCK, android.permission.RESTART_PACKAGES, android.permission.KILL_BACKGROUND_PROCESSES, android.permission.BLUETOOTH_ADMIN, android.permission.BLUETOOTH, android.permission.RECEIVE_BOOT_COMPLETED, android.permission.SET_DEBUG_APP, android.permission.GET_TASKS, android.permission.INTERNET, android.permission.ACCESS_WIFI_STATE, android.permission.READ_CONTACTS, android.permission.ACCESS_NETWORK_STATE, android.permission.ACCESS_FINE_LOCATION, android.permission.WRITE_EXTERNAL_STORAGE, android.permission.SEND_SMS, android.permission.MODIFY_AUDIO_SETTINGS, android.permission.BROADCAST_STICKY, android.permission.READ_PHONE_STATE, android.permission.CHANGE_WIFI_STATE, com.android.vending.CHECK_LICENSE, com.android.vending.BILLING, com.sec.android.iap.permission.BILLING, android.permission.MOUNT_UNMOUNT_FILESYSTEMS, android.permission.SYSTEM_ALERT_WINDOW, android.permission.READ_EXTERNAL_STORAGE, android.permission.READ_CALL_LOG]
fr.renault.twizy.android,[android.permission.INTERNET, android.permission.ACCESS_NETWORK_STATE, android.permission.ACCESS_FINE_LOCATION, android.permission.CAMERA]
com.chaitukadivella.ticketbookingandmobilerecharge,[android.permission.INTERNET, android.permission.ACCESS_NETWORK_STATE, android.permission.WAKE_LOCK, android.permission.CALL_PRIVILEGED, android.permission.GET_ACCOUNTS, com.android.vending.BILLING]
com.unbound.android.medl,[android.permission.INTERNET, android.permission.READ_PHONE_STATE, android.permission.MOUNT_UNMOUNT_FILESYSTEMS, android.permission.ACCESS_NETWORK_STATE, android.permission.WAKE_LOCK, android.permission.WRITE_EXTERNAL_STORAGE, android.permission.READ_EXTERNAL_STORAGE]
com.cm_prod.bad,[android.permission.INTERNET, android.permission.CAMERA, android.permission.ACCESS_FINE_LOCATION, android.permission.WRITE_EXTERNAL_STORAGE, android.permission.READ_CONTACTS, android.permission.READ_EXTERNAL_STORAGE, android.permission.READ_CALL_LOG]
com.jb.gokeyboard.theme.twneonthemekeyboardphone,[android.permission.INTERNET, android.permission.ACCESS_NETWORK_STATE, android.permission.SET_WALLPAPER, android.permission.READ_PHONE_STATE, android.permission.ACCESS_WIFI_STATE, android.permission.WRITE_EXTERNAL_STORAGE, android.permission.READ_EXTERNAL_STORAGE]
com.itsystemsyd.conferencecallerpro,[android.permission.CALL_PHONE, android.permission.INTERNET, android.permission.READ_PHONE_STATE, android.permission.WRITE_EXTERNAL_STORAGE, android.permission.READ_CONTACTS, android.permission.GET_ACCOUNTS, android.permission.ACCESS_NETWORK_STATE, android.permission.READ_CALENDAR, android.permission.WRITE_CALENDAR, android.permission.RECEIVE_BOOT_COMPLETED, android.permission.VIBRATE, android.permission.WAKE_LOCK, com.android.vending.CHECK_LICENSE, com.android.vending.BILLING, com.itsystemsyd.conferencecallerpro.permission.C2D_MESSAGE, com.google.android.c2dm.permission.RECEIVE, android.permission.READ_EXTERNAL_STORAGE]
com.gau.go.launcherex.theme.bravo.theoya,[android.permission.CHANGE_COMPONENT_ENABLED_STATE, android.permission.INTERNET, android.permission.ACCESS_NETWORK_STATE, android.permission.WRITE_EXTERNAL_STORAGE, android.permission.VIBRATE, com.android.launcher.permission.INSTALL_SHORTCUT, android.permission.READ_PHONE_STATE, android.permission.READ_EXTERNAL_STORAGE]
mobi.infolife.cwwidget,[android.permission.ACCESS_FINE_LOCATION, android.permission.INTERNET, android.permission.ACCESS_NETWORK_STATE]
jp.zeg.livewall.zeg103140_trial2,[android.permission.ACCESS_WIFI_STATE, android.permission.ACCESS_NETWORK_STATE]
org.promotioncode,[android.permission.INTERNET, android.permission.ACCESS_NETWORK_STATE, android.permission.VIBRATE]
com.neulion.android.nfl.gamepass,[android.permission.INTERNET, android.permission.ACCESS_COARSE_LOCATION, android.permission.ACCESS_FINE_LOCATION, android.permission.READ_PHONE_STATE, android.permission.WAKE_LOCK, android.permission.ACCESS_NETWORK_STATE, android.permission.WRITE_EXTERNAL_STORAGE, android.permission.READ_EXTERNAL_STORAGE]
com.beinsports,[android.permission.INTERNET, android.permission.WRITE_EXTERNAL_STORAGE, android.permission.ACCESS_WIFI_STATE, android.permission.ACCESS_NETWORK_STATE, android.permission.RECEIVE_BOOT_COMPLETED, android.permission.WAKE_LOCK, android.permission.VIBRATE, android.permission.FLASHLIGHT, android.permission.READ_EXTERNAL_STORAGE]
mobi.espier.launcher.plugin.screenlockerpro,[android.permission.DISABLE_KEYGUARD, android.permission.SYSTEM_ALERT_WINDOW, android.permission.READ_PHONE_STATE, android.permission.RECEIVE_BOOT_COMPLETED, android.permission.ACCESS_NETWORK_STATE, android.permission.INTERNET, android.permission.WRITE_EXTERNAL_STORAGE, android.permission.SET_WALLPAPER, android.permission.GET_TASKS, android.permission.BLUETOOTH, android.permission.ACCESS_WIFI_STATE, android.permission.WAKE_LOCK, android.permission.BLUETOOTH_ADMIN, android.permission.CHANGE_WIFI_STATE, android.permission.WRITE_SETTINGS, android.permission.WRITE_SECURE_SETTINGS, android.permission.CHANGE_NETWORK_STATE, com.android.vending.CHECK_LICENSE, android.permission.READ_EXTERNAL_STORAGE]
com.slovoed.noreg.german_russian.deluxe,[android.permission.INTERNET, android.permission.ACCESS_WIFI_STATE, android.permission.ACCESS_NETWORK_STATE, android.permission.WRITE_EXTERNAL_STORAGE, android.permission.READ_PHONE_STATE, android.permission.WAKE_LOCK, com.android.vending.CHECK_LICENSE, com.slovoed.noreg.german_russian.deluxe.permission.C2D_MESSAGE, com.google.android.c2dm.permission.RECEIVE, com.slovoed.permission.NOTIFY_DISPATCHER, android.permission.READ_EXTERNAL_STORAGE]
com.htg.traumapedia,[com.android.vending.CHECK_LICENSE]
stopSmoking.team.geny,[android.permission.RECEIVE_BOOT_COMPLETED, com.android.alarm.permission.SET_ALARM, android.permission.WAKE_LOCK]
com.multiordinal.meditation,[com.multiordinal.meditation.SEND_NOTIFY, android.permission.ACCESS_WIFI_STATE, android.permission.CHANGE_WIFI_STATE, android.permission.ACCESS_NETWORK_STATE, android.permission.CHANGE_NETWORK_STATE, com.nwalex.meditation.provider.READ, android.permission.WAKE_LOCK, android.permission.WRITE_EXTERNAL_STORAGE, android.permission.WRITE_SETTINGS, android.permission.RECEIVE_BOOT_COMPLETED, android.permission.VIBRATE, android.permission.DISABLE_KEYGUARD, android.permission.READ_EXTERNAL_STORAGE, android.permission.READ_INTERNAL_STORAGE]
com.websvento.bttutorial,[android.permission.INTERNET, android.permission.ACCESS_NETWORK_STATE]
com.storytoys.Thumbelina.GooglePlay,[android.permission.WAKE_LOCK, android.permission.WRITE_EXTERNAL_STORAGE, android.permission.READ_EXTERNAL_STORAGE, android.permission.INTERNET, android.permission.ACCESS_NETWORK_STATE, android.permission.ACCESS_WIFI_STATE, com.android.vending.CHECK_LICENSE, com.android.vending.BILLING, android.permission.READ_PHONE_STATE]
air.com.tribalnova.ilearnwith.ipad.App2Fr,[android.permission.INTERNET, android.permission.ACCESS_NETWORK_STATE, android.permission.WRITE_EXTERNAL_STORAGE, com.android.vending.BILLING, com.android.vending.CHECK_LICENSE, android.permission.READ_EXTERNAL_STORAGE]
com.idmobile.francemeteo,[android.permission.INTERNET, android.permission.ACCESS_NETWORK_STATE, android.permission.ACCESS_COARSE_LOCATION]
com.wEbookReaderShop,[android.permission.INTERNET, android.permission.ACCESS_NETWORK_STATE, android.webkit.permission.PLUGIN, com.wEbookReaderShop.permission.C2D_MESSAGE, com.google.android.c2dm.permission.RECEIVE, android.permission.WAKE_LOCK]
com.hamzaus.msfaradi.text.telgram,[android.permission.ACCESS_NETWORK_STATE, android.permission.INTERNET]
com.xperia_z1_and_z_wallpapers,[android.permission.SET_WALLPAPER, android.permission.INTERNET, android.permission.ACCESS_NETWORK_STATE, android.permission.WRITE_EXTERNAL_STORAGE, android.permission.READ_EXTERNAL_STORAGE]
com.jj.subwaysurfhalloween4,[android.permission.INTERNET]
com.appholic.belajar.mewarnai,[android.permission.WAKE_LOCK, android.permission.WRITE_EXTERNAL_STORAGE, android.permission.INTERNET, android.permission.ACCESS_WIFI_STATE, android.permission.ACCESS_NETWORK_STATE, android.permission.READ_PHONE_STATE, android.permission.READ_EXTERNAL_STORAGE]
com.parleys.android.devoxx2013,[android.permission.ACCESS_NETWORK_STATE, android.permission.RECEIVE_BOOT_COMPLETED, android.permission.INTERNET, android.permission.READ_EXTERNAL_STORAGE, android.permission.WRITE_EXTERNAL_STORAGE, android.permission.WAKE_LOCK]
com.trustapp.logomakersoftware,[android.permission.INTERNET, android.permission.ACCESS_COARSE_LOCATION, android.permission.ACCESS_FINE_LOCATION, android.permission.WRITE_EXTERNAL_STORAGE, android.permission.ACCESS_NETWORK_STATE, android.permission.READ_PHONE_STATE, android.permission.RECORD_AUDIO, android.permission.CAMERA, android.permission.VIBRATE, android.permission.ACCESS_LOCATION_EXTRA_COMMANDS, android.permission.RECEIVE_SMS, android.permission.RECORD_VIDEO, android.permission.MODIFY_AUDIO_SETTINGS, android.permission.READ_CONTACTS, android.permission.WRITE_CONTACTS, android.permission.BROADCAST_STICKY, android.permission.GET_ACCOUNTS, com.trustapp.logomakersoftware.permission.C2D_MESSAGE, com.google.android.c2dm.permission.RECEIVE, android.permission.READ_EXTERNAL_STORAGE]
WeedCounter.widget,[android.permission.WRITE_EXTERNAL_STORAGE, android.permission.READ_PHONE_STATE, android.permission.READ_EXTERNAL_STORAGE]
com.wassitstudio.ronaldobrazilskillsandgoals,[android.permission.INTERNET, android.permission.ACCESS_NETWORK_STATE]